,mse,rmse,mae,r2
arima,432048208.4956598,20785.7693746385,14828.974437596085,0.7815625931395356
prophet,344536659.1287851,18561.698713447135,13811.09503922605,0.825807183299047
