,mse,rmse,mae,r2
arima,641338153.9878471,25324.655061576792,16584.93105119948,0.11345354635221017
prophet,512957123.4293468,22648.556762613967,11562.959744270602,0.29091959394282907
